{"cameraMode":{"drawMode":0,"name":"Shaded","section":"Shading Mode"},"sceneLighting":true,"audioPlay":false,"sceneViewState":{"m_AlwaysRefresh":false,"showFog":true,"showSkybox":true,"showFlares":true,"showImageEffects":true,"showParticleSystems":true,"showVisualEffectGraphs":true,"m_FxEnabled":true},"in2DMode":false,"pivot":{"x":36.30711364746094,"y":-49.286006927490237,"z":54.042030334472659},"rotation":{"x":-0.5772121548652649,"y":0.00048771596630103886,"z":-0.00034475207212381065,"w":-0.8165954351425171},"size":81.73751831054688,"orthographic":false}